fasta	Name	tRNA #	Begin	End	Type	Codon	Score	Note
NC_047926	NC_047926 	1	135709	135637	Arg	CCT	48.7	
NC_047926	NC_047926 	2	135435	135347	Phe	GAA	36.8	
NC_047926	NC_047926 	3	135321	135231	Ile	TAT	58.9	
NC_047926	NC_047926 	4	134418	134347	Asn	GTT	66.6	
NC_047926	NC_047926 	5	134274	134202	Leu	TAG	52.8	
NC_047926	NC_047926 	6	134191	134118	Leu	CAA	52.8	
NC_047926	NC_047926 	7	133963	133890	Phe	GAA	62.2	
NC_047926	NC_047926 	8	133888	133814	Met	CAT	37.7	
NC_047926	NC_047926 	9	133279	133207	Trp	CCA	45.0	
NC_047926	NC_047926 	10	133094	133024	Thr	TGT	49.1	
NC_047926	NC_047926 	11	133006	132934	Gly	TCC	57.9	
