Target Name	ID	EC value	E-Value (sequence)	Score (domain)
NZ_CP030760.1_4798014_4799405_-	AA1		1.9e-46	157.0
NZ_CP030760.1_4798014_4799405_-	AA1		1.9e-46	157.0
NZ_CP030760.1_4798014_4799405_-	AA1		1.9e-46	157.0
NZ_CP030760.1_540905_542383_+	AA1		8.3e-40	135.3
NZ_CP030760.1_540905_542383_+	AA1		8.3e-40	135.3
NZ_CP030761.1_1204014_1206200_-	AA2		6.9e-38	45.2
NZ_CP030761.1_1204014_1206200_-	AA2		6.9e-38	45.2
NZ_CP030761.1_1204014_1206200_-	AA2		6.9e-38	42.5
NZ_CP030761.1_1204014_1206200_-	AA2		6.9e-38	42.5
NZ_CP030764.1_273904_275499_+	AA3		1e-102	343.2
NZ_CP030764.1_273904_275499_+	AA3		1e-102	343.2
NZ_CP030761.1_382678_384303_-	AA3		1.4e-102	342.7
NZ_CP030761.1_382678_384303_-	AA3		1.4e-102	342.7
NZ_CP030763.1_333216_334811_+	AA3		9.3e-102	340.0
NZ_CP030761.1_30658_32055_-	AA4		9.9e-27	79.0
NZ_CP030761.1_30658_32055_-	AA4		9.9e-27	79.0
NZ_CP030760.1_4001692_4003248_+	AA4		2.2e-23	69.7
NZ_CP030760.1_4001692_4003248_+	AA4		2.2e-23	69.7
NZ_CP030761.1_1104339_1105796_+	AA4		7.8e-20	57.3
NZ_CP030760.1_195746_196342_+	AA6		1.9e-78	261.1
NZ_CP030760.1_195746_196342_+	AA6		1.9e-78	261.1
NZ_CP030760.1_865267_866751_-	AA7		5.4e-135	446.2
NZ_CP030760.1_865267_866751_-	AA7		5.4e-135	446.2
NZ_CP030760.1_4276082_4277422_+	AA7		5.3e-90	293.0
NZ_CP030760.1_4276082_4277422_+	AA7		5.3e-90	293.0
NZ_CP030760.1_1421888_1423369_-	AA7		1.5e-20	68.0
NZ_CP030760.1_2404131_2406161_+	CBM48		1.3e-20	66.3
NZ_CP030761.1_447901_450111_-	CBM48		3.8e-26	64.8
NZ_CP030760.1_2410540_2412519_+	CBM48		4.4e-16	56.8
NZ_CP030764.1_219184_221340_+	CBM48		6.1e-16	56.3
NZ_CP030761.1_425068_426837_-	CBM48		2.8e-09	33.8
NZ_CP030760.1_311024_312628_+	CBM50		7.9e-20	43.4
NZ_CP030760.1_4719788_4721812_-	CBM50		5.3e-09	33.9
NZ_CP030763.1_62993_65314_+	CBM67		5.1e-16	56.7
NZ_CP030760.1_984579_986237_-	CBM91		2.2e-52	175.6
NZ_CP030764.1_346399_346983_-	CBM91		1.3e-06	26.5
NZ_CP030761.1_613556_614392_-	CE1		2.5e-51	173.3
NZ_CP030761.1_613556_614392_-	CE1		2.5e-51	173.3
NZ_CP030760.1_260356_261447_-	CE1		3.9e-26	90.6
NZ_CP030760.1_260356_261447_-	CE1		3.9e-26	90.6
NZ_CP030761.1_1117040_1117882_-	CE1		3.6e-23	81.0
NZ_CP030760.1_1462582_1463598_-	CE11		9.2e-100	332.0
NZ_CP030764.1_483571_484473_-	CE19		5.7e-09	33.9
NZ_CP030760.1_2863601_2864245_-	CE3		8.7e-10	35.1
NZ_CP030760.1_2863601_2864245_-	CE3		8.7e-10	35.1
NZ_CP030760.1_1919293_1919988_-	CE3		1.1e-07	29.6
NZ_CP030760.1_1919293_1919988_-	CE3		1.1e-07	29.6
NZ_CP030762.1_400469_401119_+	CE4		4.2e-32	109.4
NZ_CP030762.1_400469_401119_+	CE4		4.2e-32	109.4
NZ_CP030762.1_400469_401119_+	CE4		4.2e-32	109.4
NZ_CP030760.1_4148546_4149583_-	CE4		2.4e-25	87.1
NZ_CP030760.1_4148546_4149583_-	CE4		2.4e-25	87.1
NZ_CP030760.1_4320865_4321803_-	CE6		7.3e-09	33.4
NZ_CP030760.1_1083808_1084887_-	CE7		4e-55	185.5
NZ_CP030764.1_386577_387464_-	CE7		1.4e-09	33.5
NZ_CP030760.1_4515661_4517769_-	CE7		1.5e-07	27.8
NZ_CP030760.1_4363936_4364526_-	CE7		6.6e-07	27.0
NZ_CP030760.1_2292766_2293224_+	CE7		8.1e-07	26.2
NZ_CP030760.1_2960842_2961993_-	CE9		1.5e-106	354.8
NZ_CP030760.1_4784987_4786156_+	CE9		4e-17	32.5
NZ_CP030760.1_1986631_1988085_+	CE9		2.9e-15	29.4
NZ_CP030760.1_257934_259910_+	CE9		4.4e-08	28.5
NZ_CP030763.1_165738_167540_-	CE9		2.1e-14	27.7
NZ_CP030760.1_2463350_2464723_-	GH1		4.2e-161	535.0
NZ_CP030760.1_2463350_2464723_-	GH1		4.2e-161	535.0
NZ_CP030760.1_1907983_1909056_+	GH10		1.1e-77	259.9
NZ_CP030760.1_3119989_3121107_+	GH102		7.1e-52	173.9
NZ_CP030760.1_2355910_2357133_+	GH103		4.7e-105	349.5
NZ_CP030760.1_3261479_3262762_-	GH103		6.7e-101	335.7
NZ_CP030760.1_1499730_1501016_+	GH103		1.4e-85	285.5
NZ_CP030760.1_3076624_3077496_+	GH103		2.9e-73	232.5
NZ_CP030761.1_479052_480146_-	GH105		3.9e-98	327.2
NZ_CP030761.1_854942_857626_-	GH106		2.8e-51	128.1
NZ_CP030761.1_854942_857626_-	GH106		2.8e-51	43.2
NZ_CP030762.1_166480_167505_-	GH109		6.9e-27	87.5
NZ_CP030761.1_263161_264237_-	GH109		8.7e-25	85.6
NZ_CP030760.1_2547132_2548139_+	GH109		5.1e-23	80.0
NZ_CP030760.1_3209696_3210991_-	GH109		1.3e-21	75.0
NZ_CP030760.1_4682548_4683663_+	GH109		8.7e-21	72.3
NZ_CP030760.1_3949849_3950763_+	GH117		9.7e-09	26.8
NZ_CP030762.1_162030_163880_+	GH12		5e-32	110.0
NZ_CP030762.1_162030_163880_+	GH12		5e-32	110.0
NZ_CP030760.1_2719208_2721130_-	GH127		1.1e-214	712.7
NZ_CP030760.1_2719208_2721130_-	GH127		1.1e-214	712.7
NZ_CP030763.1_55463_57406_-	GH127		1.2e-202	673.1
NZ_CP030763.1_55463_57406_-	GH127		1.2e-202	673.1
NZ_CP030760.1_3875796_3877448_+	GH13		8.4e-75	250.9
NZ_CP030760.1_1734555_1736201_-	GH13		3.9e-73	245.2
NZ_CP030761.1_450108_453389_-	GH13		2e-69	233.2
NZ_CP030764.1_219184_221340_+	GH13		1.2e-47	161.5
NZ_CP030760.1_2410540_2412519_+	GH13		6.8e-43	146.3
NZ_CP030763.1_627662_628624_+	GH130		1.4e-11	39.2
NZ_CP030760.1_1203132_1204625_-	GH136		9e-33	107.8
NZ_CP030760.1_1205044_1206531_-	GH136		7.4e-33	107.5
NZ_CP030760.1_1923707_1925329_-	GH136		1.2e-33	97.6
NZ_CP030760.1_3787369_3788514_+	GH136		4.5e-07	27.2
NZ_CP030763.1_203799_205925_-	GH141		1.7e-52	100.7
NZ_CP030763.1_203799_205925_-	GH141		1.7e-52	75.6
NZ_CP030760.1_4422621_4424042_-	GH141		2.5e-10	27.4
NZ_CP030760.1_2928669_2930003_+	GH144		4.3e-126	419.5
NZ_CP030760.1_2595637_2596956_+	GH144		3.6e-125	416.6
NZ_CP030760.1_4474123_4475469_-	GH144		4.7e-125	416.1
NZ_CP030760.1_1126327_1128117_+	GH15		7.3e-83	277.2
NZ_CP030760.1_1126327_1128117_+	GH15		7.3e-83	277.2
NZ_CP030761.1_1147225_1148631_+	GH15		1.7e-53	180.6
NZ_CP030761.1_1147225_1148631_+	GH15		1.7e-53	180.6
NZ_CP030760.1_3206728_3208590_+	GH154		1.6e-132	440.3
NZ_CP030761.1_511898_513766_+	GH154		4.9e-128	425.6
NZ_CP030760.1_2088185_2089600_-	GH16		2.4e-36	124.6
NZ_CP030760.1_2088185_2089600_-	GH16		2.4e-36	124.6
NZ_CP030760.1_610656_612779_-	GH17		1.2e-06	26.1
NZ_CP030760.1_4587464_4588150_+	GH19		3.6e-13	48.2
NZ_CP030760.1_4587464_4588150_+	GH19		3.6e-13	48.2
NZ_CP030760.1_2549318_2551594_+	GH2		3.2e-102	341.8
NZ_CP030760.1_2549318_2551594_+	GH2		3.2e-102	341.8
NZ_CP030760.1_3620468_3622921_-	GH2		2.6e-100	335.7
NZ_CP030760.1_3620468_3622921_-	GH2		2.6e-100	335.7
NZ_CP030760.1_989414_991876_-	GH2		6.8e-96	320.9
NZ_CP030760.1_2519279_2521189_-	GH20		1.4e-112	375.0
NZ_CP030764.1_407224_409245_-	GH20		1.1e-106	352.6
NZ_CP030762.1_47261_47965_+	GH23		5.5e-26	89.8
NZ_CP030762.1_272133_273308_+	GH23		9.4e-25	86.0
NZ_CP030760.1_4688092_4690167_-	GH23		1.3e-24	85.7
NZ_CP030760.1_1489573_1490100_-	GH23		1.9e-22	78.4
NZ_CP030762.1_267793_268944_+	GH23		2.6e-21	74.6
NZ_CP030760.1_1498920_1499717_+	GH25		2.1e-59	199.1
NZ_CP030760.1_1498920_1499717_+	GH25		2.1e-59	199.1
NZ_CP030760.1_757840_758886_+	GH25		7.3e-55	184.5
NZ_CP030760.1_757840_758886_+	GH25		7.3e-55	184.5
NZ_CP030760.1_4729993_4730742_+	GH25		3.1e-48	163.0
NZ_CP030760.1_3203215_3204186_+	GH26		9.3e-25	86.2
NZ_CP030763.1_454542_455507_+	GH26		5.1e-24	83.8
NZ_CP030762.1_308418_309917_+	GH28		1.1e-70	236.8
NZ_CP030761.1_477691_479055_-	GH28		8e-55	184.6
NZ_CP030763.1_47479_48816_+	GH29		5.2e-105	349.9
NZ_CP030761.1_492232_493554_-	GH29		1.3e-103	345.4
NZ_CP030761.1_1226312_1228774_+	GH3		4.2e-73	243.7
NZ_CP030761.1_1226312_1228774_+	GH3		4.2e-73	243.7
NZ_CP030761.1_1226312_1228774_+	GH3		4.2e-73	243.7
NZ_CP030760.1_4353627_4356020_-	GH3		5.6e-65	217.0
NZ_CP030760.1_4353627_4356020_-	GH3		5.6e-65	217.0
NZ_CP030763.1_460682_462382_+	GH32		3.5e-74	248.7
NZ_CP030763.1_460682_462382_+	GH32		3.5e-74	248.7
NZ_CP030763.1_627662_628624_+	GH32		3.7e-13	25.7
NZ_CP030763.1_119649_120833_+	GH33		3.9e-24	83.9
NZ_CP030761.1_1222376_1225402_+	GH38		1.1e-80	269.4
NZ_CP030760.1_1555017_1556942_-	GH38		4.1e-08	31.2
NZ_CP030763.1_37221_39086_-	GH39		3.3e-50	166.7
NZ_CP030760.1_610656_612779_-	GH39		9.3e-07	26.4
NZ_CP030764.1_143789_145159_+	GH4		2.4e-66	220.9
NZ_CP030764.1_143789_145159_+	GH4		2.4e-66	220.9
NZ_CP030761.1_149822_151138_+	GH4		7.9e-65	216.1
NZ_CP030761.1_149822_151138_+	GH4		7.9e-65	216.1
NZ_CP030764.1_136048_137559_+	GH4		4.4e-61	203.8
NZ_CP030760.1_1276599_1278737_-	GH42		1.3e-120	401.3
NZ_CP030760.1_984579_986237_-	GH43		2.1e-57	193.0
NZ_CP030760.1_984579_986237_-	GH43		2.1e-57	193.0
NZ_CP030763.1_626688_627656_+	GH43		3.9e-09	32.1
NZ_CP030763.1_626688_627656_+	GH43		3.9e-09	32.1
NZ_CP030764.1_14414_15340_-	GH46		1e-42	144.7
NZ_CP030762.1_306831_308225_+	GH5		1.5e-51	174.0
NZ_CP030762.1_306831_308225_+	GH5		1.5e-51	174.0
NZ_CP030760.1_3376902_3377951_-	GH5		2.6e-43	147.0
NZ_CP030760.1_3376902_3377951_-	GH5		2.6e-43	147.0
NZ_CP030760.1_4390037_4391218_+	GH5		1.7e-32	111.4
NZ_CP030764.1_198893_200401_-	GH51		5.8e-143	476.6
NZ_CP030761.1_1222376_1225402_+	GH57		5.1e-08	30.2
NZ_CP030761.1_126506_127774_-	GH63		5.8e-44	149.0
NZ_CP030761.1_852687_854924_-	GH63		1.9e-41	140.6
NZ_CP030763.1_407596_410361_-	GH63		3.9e-14	49.7
NZ_CP030761.1_423185_425038_-	GH77		7.3e-130	432.6
NZ_CP030763.1_62993_65314_+	GH78		1e-161	537.5
NZ_CP030760.1_4839207_4840565_+	GH8		2.3e-77	259.4
NZ_CP030761.1_507481_508653_+	GH88		2.5e-127	423.2
NZ_CP030760.1_3009879_3018398_-	GH94		0	1281.6
NZ_CP030760.1_2591738_2595631_+	GH94		0	1232.6
NZ_CP030764.1_418200_421487_+	GH94		3.7e-175	582.3
NZ_CP030760.1_3009879_3018398_-	GH94		0	116.1
NZ_CP030760.1_2591738_2595631_+	GH94		0	113.8
NZ_CP030764.1_587620_588660_-	GT1		5.2e-13	48.4
NZ_CP030764.1_587620_588660_-	GT1		5.2e-13	48.4
NZ_CP030760.1_1474673_1475797_-	GT1		1.2e-11	44.2
NZ_CP030760.1_1474673_1475797_-	GT1		1.2e-11	44.2
NZ_CP030764.1_590019_591254_-	GT1		7.4e-11	40.6
NZ_CP030760.1_395641_397620_-	GT102		9.6e-61	203.5
NZ_CP030760.1_452596_453774_+	GT19		3.2e-103	343.7
NZ_CP030763.1_231967_233358_-	GT20		4.8e-168	558.2
NZ_CP030763.1_231967_233358_-	GT20		4.8e-168	558.2
NZ_CP030762.1_401140_402420_+	GT21		3.5e-17	61.0
NZ_CP030763.1_452642_454549_+	GT21		2.4e-11	41.9
NZ_CP030760.1_3200783_3202651_+	GT21		6.1e-10	37.1
NZ_CP030760.1_4834829_4837078_+	GT21		9.5e-10	36.4
NZ_CP030760.1_3184982_3186976_+	GT21		1.5e-08	32.5
NZ_CP030760.1_4275016_4275897_+	GT25		1.3e-32	111.6
NZ_CP030760.1_3866669_3867685_+	GT26		2.7e-52	175.2
NZ_CP030763.1_202084_202791_-	GT26		5e-48	161.6
NZ_CP030760.1_1890123_1891301_+	GT27		1.8e-13	48.8
NZ_CP030760.1_4387638_4388639_+	GT27		1.1e-12	44.6
NZ_CP030760.1_1894305_1895381_+	GT27		1.6e-12	43.3
NZ_CP030763.1_207860_208810_+	GT27		3.3e-10	37.8
NZ_CP030760.1_1915276_1916220_+	GT27		1.7e-08	32.5
NZ_CP030760.1_1474673_1475797_-	GT28		1.4e-44	149.3
NZ_CP030764.1_587620_588660_-	GT28		6.5e-14	50.0
NZ_CP030760.1_4038782_4040101_+	GT30		3.2e-64	206.9
NZ_CP030760.1_2401495_2403957_+	GT35		7.9e-263	872.6
NZ_CP030763.1_209901_211043_+	GT4		2.8e-32	108.1
NZ_CP030763.1_209901_211043_+	GT4		2.8e-32	108.1
NZ_CP030760.1_1611109_1612167_+	GT4		1.2e-31	107.7
NZ_CP030760.1_1611109_1612167_+	GT4		1.2e-31	107.7
NZ_CP030760.1_3779914_3781083_-	GT4		1.7e-31	106.8
NZ_CP030760.1_3842624_3844495_-	GT41		2.4e-114	381.9
NZ_CP030760.1_2424939_2425808_+	GT41		1.1e-29	58.3
NZ_CP030760.1_2387793_2389661_+	GT41		3.7e-19	43.5
NZ_CP030760.1_1121031_1123247_-	GT41		1.2e-12	42.0
NZ_CP030760.1_3358506_3359339_-	GT41		1.2e-11	38.3
NZ_CP030760.1_1897133_1898248_+	GT45		2.2e-17	60.6
NZ_CP030760.1_2407447_2408889_+	GT5		4.7e-157	522.1
NZ_CP030760.1_3283707_3286067_-	GT51		8.6e-67	222.3
NZ_CP030760.1_74863_77292_+	GT51		2.4e-63	211.0
NZ_CP030760.1_4546668_4548854_-	GT51		8.4e-61	202.7
NZ_CP030764.1_165181_167478_+	GT51		9e-61	202.7
NZ_CP030764.1_549968_551923_-	GT51		4.9e-49	164.6
NZ_CP030760.1_3408996_3410843_+	GT66		8.6e-08	29.3
NZ_CP030763.1_198443_199423_-	GT8		3.5e-55	186.0
NZ_CP030763.1_198443_199423_-	GT8		3.5e-55	186.0
NZ_CP030760.1_1628949_1629878_-	GT8		2.4e-44	150.4
NZ_CP030760.1_1628949_1629878_-	GT8		2.4e-44	150.4
NZ_CP030760.1_2195959_2196795_+	GT8		3.1e-34	117.4
NZ_CP030760.1_3407828_3408835_-	GT81		9.9e-17	59.2
NZ_CP030760.1_4381891_4382664_+	GT81		2.8e-13	48.1
NZ_CP030760.1_4656844_4657860_-	GT81		1.2e-10	39.1
NZ_CP030760.1_1370404_1371516_-	GT81		3.3e-09	34.4
NZ_CP030760.1_1891295_1894297_+	GT81		3.3e-07	27.5
NZ_CP030760.1_3811677_3813098_-	GT83		5.4e-39	132.6
NZ_CP030760.1_4657998_4659491_-	GT83		5.3e-35	119.4
NZ_CP030760.1_4655332_4656831_-	GT83		5.8e-35	119.2
NZ_CP030760.1_4653846_4655330_-	GT83		6.1e-30	102.9
NZ_CP030760.1_3971396_3972970_-	GT83		1.3e-17	62.0
NZ_CP030760.1_3009879_3018398_-	GT84		7.2e-98	324.3
NZ_CP030760.1_3009879_3018398_-	GT84		7.2e-98	324.3
NZ_CP030760.1_1923707_1925329_-	PL1		1.5e-07	25.0
NZ_CP030760.1_1923707_1925329_-	PL1		1.5e-07	25.0
NZ_CP030760.1_3089299_3090972_-	PL12		7e-10	36.5
NZ_CP030760.1_3089299_3090972_-	PL12		7e-10	36.5
NZ_CP030760.1_2190110_2191420_-	PL22		4.5e-19	27.5
NZ_CP030760.1_2190110_2191420_-	PL22		4.5e-19	27.5
NZ_CP030760.1_2190110_2191420_-	PL22		4.5e-19	26.3
NZ_CP030760.1_2190110_2191420_-	PL22		4.5e-19	26.3
NZ_CP030760.1_406567_408612_-	PL31		2.3e-12	45.6
NZ_CP030761.1_503729_505525_-	PL33		4.4e-51	170.6
NZ_CP030761.1_503729_505525_-	PL33		4.4e-51	170.6
NZ_CP030760.1_406567_408612_-	PL9		8.5e-21	67.0
NZ_CP030760.1_406567_408612_-	PL9		8.5e-21	67.0
